               epoch,      train/box_loss,      train/obj_loss,      train/cls_loss,   metrics/precision,      metrics/recall,     metrics/mAP_0.5,metrics/mAP_0.5:0.95,        val/box_loss,        val/obj_loss,        val/cls_loss,               x/lr0,               x/lr1,               x/lr2
                   0,             0.12825,            0.075164,            0.093484,                   0,                   0,                   0,                   0,             0.12803,            0.070674,             0.09464,             0.00012,             0.00012,             0.09892
                   1,             0.12387,            0.081354,            0.092494,          2.6398e-05,           0.0011574,          1.3544e-05,          2.7087e-06,             0.12302,            0.077304,            0.092466,          0.00024999,          0.00024999,             0.09775
                   2,             0.12037,            0.085863,            0.091197,          0.00052724,            0.013682,          0.00030265,          7.3056e-05,             0.11748,            0.081179,            0.090521,          0.00037992,          0.00037992,             0.09658
                   3,             0.11618,             0.08317,            0.090256,             0.22532,            0.020382,           0.0023413,          0.00044814,             0.11261,            0.079901,             0.08938,          0.00050975,          0.00050975,             0.09541
                   4,             0.11212,            0.080163,            0.089332,            0.058793,             0.08401,            0.004739,          0.00093406,             0.10501,            0.078876,            0.089152,          0.00063943,          0.00063943,            0.094239
                   5,             0.10495,            0.072831,            0.088825,             0.20041,             0.10493,           0.0086665,           0.0025088,            0.094431,            0.077332,            0.088469,          0.00076893,          0.00076893,            0.093069
                   6,            0.093073,            0.070796,            0.087352,            0.013622,             0.28241,            0.018574,           0.0061051,            0.086011,            0.072812,            0.086921,           0.0008982,           0.0008982,            0.091898
                   7,            0.084622,             0.07215,            0.086232,             0.10065,              0.3086,            0.033243,            0.011822,            0.077624,             0.06967,            0.085911,           0.0010272,           0.0010272,            0.090727
                   8,            0.076841,            0.067997,            0.085529,             0.57574,            0.094621,            0.042804,            0.013671,            0.069452,            0.064218,            0.083974,           0.0011559,           0.0011559,            0.089556
                   9,            0.073984,            0.063742,            0.084168,             0.13618,             0.27382,            0.049256,            0.017571,            0.068488,            0.060226,            0.082841,           0.0012842,           0.0012842,            0.088384
                  10,             0.06985,            0.062863,             0.08291,             0.39779,             0.15229,            0.054738,            0.023272,            0.061123,            0.055309,            0.081039,           0.0014121,           0.0014121,            0.087212
                  11,            0.067043,            0.060663,            0.081488,             0.11699,             0.42901,            0.063949,            0.029672,            0.060771,            0.053597,            0.078852,           0.0015396,           0.0015396,             0.08604
                  12,            0.064954,            0.058502,            0.079897,             0.11751,             0.32444,            0.050226,            0.016441,            0.078794,            0.054003,            0.077842,           0.0016666,           0.0016666,            0.084867
                  13,            0.082831,            0.058777,            0.079619,             0.70014,            0.075924,            0.041065,            0.015413,            0.069531,            0.053504,            0.077616,           0.0017931,           0.0017931,            0.083693
                  14,            0.077071,            0.059159,            0.077895,             0.14626,             0.29579,            0.042927,            0.019875,            0.073983,            0.052444,            0.076578,            0.001919,            0.001919,            0.082519
                  15,            0.076557,            0.057113,            0.078788,             0.18279,             0.26019,            0.053954,            0.021217,            0.066033,            0.052323,            0.076589,           0.0020443,           0.0020443,            0.081344
                  16,            0.075895,            0.059111,            0.077777,             0.16483,             0.31554,            0.066725,            0.033552,            0.052518,            0.055962,            0.076163,           0.0021689,           0.0021689,            0.080169
                  17,            0.072772,            0.057999,            0.077568,             0.18499,             0.33439,            0.059029,            0.024863,            0.062225,            0.053281,            0.075506,           0.0022928,           0.0022928,            0.078993
                  18,            0.069648,            0.059275,            0.076416,             0.17283,              0.4153,            0.083096,             0.03879,             0.05384,            0.051035,            0.074719,            0.002416,            0.002416,            0.077816
                  19,             0.07101,            0.057473,            0.076182,             0.14841,             0.36407,            0.084957,            0.039149,            0.056776,            0.051542,            0.074528,           0.0025385,           0.0025385,            0.076638
                  20,            0.067879,            0.057714,             0.07541,            0.098734,             0.39705,            0.073204,            0.034812,            0.049867,            0.050195,            0.073759,           0.0026601,           0.0026601,             0.07546
                  21,            0.067555,            0.054707,            0.074017,             0.32616,             0.23707,             0.05981,             0.02464,            0.055402,            0.050042,            0.073474,           0.0027809,           0.0027809,            0.074281
                  22,            0.065565,            0.054647,            0.074654,             0.19956,              0.4173,             0.10216,            0.054838,            0.049956,            0.048822,            0.072063,           0.0029007,           0.0029007,            0.073101
                  23,            0.063953,            0.056545,            0.073815,            0.073968,             0.37883,            0.057217,            0.019392,            0.059608,            0.049223,            0.071802,           0.0030197,           0.0030197,             0.07192
                  24,            0.066469,            0.053308,            0.072952,             0.23306,             0.43861,             0.11337,            0.053059,            0.049743,            0.048654,            0.071428,           0.0031376,           0.0031376,            0.070738
                  25,            0.065599,            0.052124,            0.073506,             0.67316,             0.13575,            0.074806,            0.028674,            0.058563,            0.048467,            0.071287,           0.0032546,           0.0032546,            0.069555
                  26,            0.062675,             0.05411,            0.071729,             0.15163,             0.46798,             0.11868,            0.056201,            0.043803,            0.047669,            0.070348,           0.0033705,           0.0033705,             0.06837
                  27,            0.063657,            0.054644,            0.071413,             0.21275,             0.39747,             0.09811,            0.047848,            0.055559,            0.047419,            0.069846,           0.0034853,           0.0034853,            0.067185
                  28,            0.061314,            0.051972,            0.071138,             0.24758,             0.41254,             0.16352,            0.072831,              0.0455,            0.046183,            0.068783,            0.003599,            0.003599,            0.065999
                  29,            0.061852,             0.05354,            0.070694,             0.24253,              0.4215,             0.14421,            0.052033,            0.051785,            0.045888,            0.068326,           0.0037115,           0.0037115,            0.064811
                  30,            0.059456,            0.055083,            0.070532,             0.51516,             0.32694,             0.17596,            0.082706,            0.043217,            0.045728,             0.06744,           0.0038228,           0.0038228,            0.063623
                  31,            0.062255,            0.053009,            0.070102,             0.72292,              0.1627,             0.14142,            0.054912,            0.051687,            0.045153,            0.066659,           0.0039329,           0.0039329,            0.062433
                  32,            0.055624,            0.051376,            0.070256,             0.74216,             0.17279,             0.18677,            0.093634,            0.041967,            0.044965,            0.065692,           0.0040418,           0.0040418,            0.061242
                  33,            0.056917,            0.051369,            0.068746,             0.67995,             0.23626,             0.16537,            0.071767,            0.048188,            0.046873,            0.065708,           0.0041493,           0.0041493,            0.060049
                  34,            0.056578,            0.051124,            0.068168,             0.77255,             0.15368,             0.18233,            0.091596,            0.040642,            0.044307,            0.065343,           0.0042555,           0.0042555,            0.058855
                  35,             0.05745,            0.052078,            0.069107,             0.92377,                0.12,             0.16388,             0.08104,            0.043448,            0.044788,            0.064234,           0.0043603,           0.0043603,             0.05766
                  36,            0.056557,            0.052117,            0.067936,              0.9315,             0.11446,             0.17266,            0.083883,            0.041069,            0.043081,            0.063346,           0.0044637,           0.0044637,            0.056464
                  37,             0.05586,            0.052682,            0.066578,             0.93214,             0.11436,             0.16785,             0.07716,            0.047596,            0.045522,            0.062235,           0.0045657,           0.0045657,            0.055266
                  38,            0.063822,            0.052148,            0.067633,             0.83054,             0.14657,             0.15954,            0.066956,            0.050422,            0.047437,            0.061484,           0.0046663,           0.0046663,            0.054066
                  39,            0.059792,            0.056284,            0.065541,             0.92292,             0.09994,             0.17563,            0.070424,            0.054862,            0.044843,            0.059879,           0.0047653,           0.0047653,            0.052865
                  40,            0.060854,            0.050698,             0.06499,              0.9196,             0.10852,             0.16096,            0.069347,            0.052078,            0.045247,            0.059043,           0.0048628,           0.0048628,            0.051663
                  41,            0.059153,            0.051522,            0.064893,             0.92994,             0.13923,             0.19713,            0.084757,            0.047266,            0.044892,            0.058178,           0.0049587,           0.0049587,            0.050459
                  42,            0.062452,            0.048324,             0.06505,             0.92867,             0.12226,             0.17954,             0.06728,             0.05315,            0.046263,            0.058181,           0.0050531,           0.0050531,            0.049253
                  43,            0.060987,            0.057067,            0.064243,             0.53058,             0.31601,             0.16737,            0.063629,            0.054622,            0.044296,            0.056811,           0.0051458,           0.0051458,            0.048046
                  44,            0.059676,            0.051096,            0.063101,             0.59035,             0.30377,             0.20972,            0.099429,            0.046077,            0.044229,            0.056459,           0.0052369,           0.0052369,            0.046837
                  45,            0.058823,            0.049095,            0.062846,             0.57808,             0.30907,             0.18545,            0.072699,            0.053307,            0.046547,            0.055613,           0.0053263,           0.0053263,            0.045626
                  46,            0.057271,            0.050725,            0.062634,             0.76622,             0.20881,             0.16137,            0.056952,            0.055155,             0.04674,            0.055798,           0.0054141,           0.0054141,            0.044414
                  47,            0.058333,            0.049708,            0.061857,             0.61445,             0.26695,              0.1693,            0.077067,            0.052634,            0.043264,            0.055273,           0.0055001,           0.0055001,              0.0432
                  48,            0.055789,            0.049725,            0.059553,             0.67834,             0.27123,             0.21894,             0.12305,            0.039521,            0.042218,            0.054081,           0.0055843,           0.0055843,            0.041984
                  49,            0.056347,            0.052484,            0.059425,             0.70327,             0.24969,             0.20439,            0.084344,            0.045151,            0.043897,            0.054322,           0.0056668,           0.0056668,            0.040767
                  50,            0.055327,            0.049688,             0.05996,             0.73466,             0.26857,             0.23254,             0.13186,             0.03886,            0.041141,            0.053851,           0.0057475,           0.0057475,            0.039547
                  51,            0.053695,             0.04893,            0.058805,             0.72278,             0.26187,             0.23687,             0.10327,            0.043694,            0.044329,            0.052327,           0.0058263,           0.0058263,            0.038326
                  52,            0.055129,            0.049203,            0.057801,             0.80074,             0.25169,             0.25071,             0.13277,            0.043398,            0.045141,            0.052554,           0.0059034,           0.0059034,            0.037103
                  53,            0.055088,            0.049336,            0.057187,             0.77622,             0.27478,             0.23748,             0.14295,            0.040387,            0.039617,            0.052138,           0.0059785,           0.0059785,            0.035879
                  54,             0.05399,            0.050047,            0.058627,             0.73284,             0.29541,             0.21967,             0.12014,            0.042689,            0.042628,            0.053095,           0.0060518,           0.0060518,            0.034652
                  55,            0.052652,            0.050185,            0.056908,             0.75091,             0.30583,             0.24977,             0.11843,            0.038623,            0.042253,            0.050983,           0.0061232,           0.0061232,            0.033423
                  56,            0.052642,            0.049831,            0.055631,              0.7406,             0.29891,             0.26862,             0.14051,              0.0362,            0.040512,            0.049004,           0.0061926,           0.0061926,            0.032193
                  57,            0.052489,            0.048304,            0.056034,             0.68423,             0.34535,             0.25781,             0.11673,            0.046165,            0.042949,               0.049,           0.0062601,           0.0062601,             0.03096
                  58,            0.053532,            0.049752,            0.056041,             0.68853,             0.32248,              0.2535,             0.12795,            0.041152,            0.040675,            0.048175,           0.0063257,           0.0063257,            0.029726
                  59,            0.051974,            0.046814,            0.054326,             0.69567,             0.35064,             0.26448,             0.14123,            0.040061,            0.042165,            0.047667,           0.0063893,           0.0063893,            0.028489
                  60,            0.054057,            0.050244,            0.053939,             0.72041,             0.34086,             0.27153,             0.12893,            0.040446,            0.042627,            0.046984,           0.0064509,           0.0064509,            0.027251
                  61,            0.051247,            0.050026,             0.05464,             0.69072,             0.38711,             0.27741,             0.15675,            0.036145,            0.042821,            0.046612,           0.0065105,           0.0065105,             0.02601
                  62,            0.051008,            0.051474,            0.053334,             0.72866,             0.33758,             0.29621,             0.15383,            0.042801,            0.040356,            0.046065,            0.006568,            0.006568,            0.024768
                  63,            0.052223,            0.046616,            0.052434,             0.65319,             0.37101,             0.28093,             0.13847,             0.04105,            0.041032,            0.046564,           0.0066236,           0.0066236,            0.023524
                  64,            0.055284,            0.051482,            0.052063,             0.69172,             0.38028,             0.28345,             0.14396,            0.044742,            0.043139,            0.046359,           0.0066771,           0.0066771,            0.022277
                  65,            0.054483,            0.050463,             0.05137,             0.69974,             0.36266,             0.32496,             0.18454,             0.03737,            0.041304,            0.046083,           0.0067285,           0.0067285,            0.021029
                  66,            0.054803,            0.049576,            0.051255,             0.79946,             0.28686,             0.31189,               0.177,            0.040643,            0.042844,            0.044866,           0.0067779,           0.0067779,            0.019778
                  67,            0.054105,            0.049734,            0.050599,             0.74375,             0.31567,             0.30273,             0.13465,            0.048798,            0.042789,            0.044497,           0.0068252,           0.0068252,            0.018525
                  68,            0.055144,             0.04748,            0.050582,             0.76533,             0.29817,             0.33548,              0.1442,            0.049169,            0.042666,            0.044198,           0.0068704,           0.0068704,             0.01727
                  69,            0.059033,            0.051329,            0.050269,             0.83418,             0.27631,             0.31956,             0.18238,            0.038302,            0.040812,            0.043715,           0.0069136,           0.0069136,            0.016014
                  70,            0.055453,             0.05046,            0.050453,             0.83055,             0.27459,             0.33374,             0.17225,            0.043174,            0.042013,            0.043353,           0.0069546,           0.0069546,            0.014755
                  71,            0.052794,            0.047629,            0.048325,             0.79612,             0.31693,             0.33227,             0.13946,             0.04951,            0.044701,             0.04253,           0.0069935,           0.0069935,            0.013494
                  72,            0.056814,            0.050829,            0.047329,              0.7014,             0.35849,             0.37042,             0.19232,            0.043809,            0.041673,            0.042039,           0.0070304,           0.0070304,             0.01223
                  73,            0.054661,            0.047466,            0.047683,             0.76924,             0.35084,             0.39207,             0.21756,            0.040146,            0.040624,            0.041341,           0.0070651,           0.0070651,            0.010965
                  74,            0.052119,            0.045528,            0.046238,             0.71464,             0.35899,             0.39448,             0.21209,             0.03714,            0.040857,            0.040544,           0.0070977,           0.0070977,           0.0096977
                  75,            0.048622,            0.046172,            0.046914,             0.68596,             0.40574,             0.43203,             0.21275,            0.041119,            0.041202,            0.039529,           0.0071282,           0.0071282,           0.0084282
                  76,             0.05149,            0.047285,            0.045155,             0.77022,             0.37422,              0.4124,             0.24316,            0.037189,            0.040057,            0.038519,           0.0071566,           0.0071566,           0.0071566
                  77,            0.050216,            0.047766,            0.045276,             0.65589,             0.41118,             0.42077,             0.22809,            0.037542,            0.040498,            0.037826,           0.0071566,           0.0071566,           0.0071566
                  78,            0.049539,            0.046173,            0.043882,             0.66249,             0.42257,             0.41526,             0.24279,            0.037109,            0.039889,            0.037056,           0.0070906,           0.0070906,           0.0070906
                  79,            0.044999,            0.043645,            0.045069,             0.74866,             0.36398,             0.42013,             0.21748,            0.038035,            0.040523,            0.037221,           0.0070243,           0.0070243,           0.0070243
                  80,            0.047206,            0.046277,            0.042011,             0.76027,             0.37442,             0.41352,             0.22166,            0.038085,            0.039419,             0.03696,           0.0069576,           0.0069576,           0.0069576
                  81,            0.048807,            0.046535,             0.04205,              0.7812,             0.34683,             0.43646,             0.26976,            0.035406,            0.039054,            0.036471,           0.0068906,           0.0068906,           0.0068906
                  82,            0.046297,            0.044626,            0.040682,             0.62665,             0.48844,             0.43968,             0.26089,            0.034651,            0.039102,            0.036002,           0.0068232,           0.0068232,           0.0068232
                  83,            0.045092,            0.046118,            0.041776,             0.51901,             0.52016,             0.44624,             0.23469,            0.039919,            0.040739,            0.035309,           0.0067555,           0.0067555,           0.0067555
                  84,             0.04629,            0.044777,            0.041861,             0.73395,             0.43235,             0.44655,             0.27133,            0.033946,            0.038419,            0.035152,           0.0066874,           0.0066874,           0.0066874
                  85,            0.045357,            0.044664,            0.040325,             0.73877,             0.44162,             0.45155,             0.28223,            0.032424,            0.038284,            0.034987,           0.0066191,           0.0066191,           0.0066191
                  86,            0.045783,             0.04523,            0.039732,              0.7868,              0.4186,             0.45845,             0.24438,            0.042193,            0.039918,            0.034683,           0.0065505,           0.0065505,           0.0065505
                  87,             0.04762,            0.045412,            0.040065,             0.93062,             0.29374,             0.44858,             0.26164,            0.034535,            0.038785,            0.034635,           0.0064816,           0.0064816,           0.0064816
                  88,            0.043726,            0.044663,            0.038762,             0.66036,             0.48826,              0.4447,             0.26474,            0.033757,            0.037661,            0.034252,           0.0064125,           0.0064125,           0.0064125
                  89,            0.043942,            0.044162,            0.038175,             0.68649,             0.46088,             0.44462,             0.28692,            0.032507,            0.038251,            0.033845,           0.0063432,           0.0063432,           0.0063432
                  90,            0.045629,            0.048457,            0.037968,             0.75154,             0.43992,             0.44294,             0.27512,            0.032878,             0.03831,            0.033253,           0.0062737,           0.0062737,           0.0062737
                  91,            0.040721,             0.04091,             0.03796,             0.69254,             0.45983,             0.45379,             0.29144,             0.03214,            0.037588,            0.032919,            0.006204,            0.006204,            0.006204
                  92,            0.042901,             0.04452,            0.036908,             0.69073,             0.47864,             0.45893,             0.26624,            0.037018,            0.039725,            0.032654,           0.0061341,           0.0061341,           0.0061341
                  93,            0.045114,            0.045377,            0.038579,             0.87195,             0.36764,             0.45961,               0.306,            0.028617,            0.037502,            0.032527,            0.006064,            0.006064,            0.006064
                  94,            0.041868,            0.046902,            0.037435,             0.91896,             0.32911,             0.45427,             0.29463,            0.033677,            0.037549,            0.032014,           0.0059938,           0.0059938,           0.0059938
                  95,            0.045369,            0.044659,            0.034465,             0.96203,             0.32363,             0.45813,             0.26899,            0.039987,            0.039271,            0.031509,           0.0059235,           0.0059235,           0.0059235
                  96,            0.045733,            0.043855,            0.035643,             0.91096,             0.33142,             0.45869,             0.30209,            0.032479,            0.036904,             0.03175,           0.0058531,           0.0058531,           0.0058531
                  97,            0.040481,            0.042319,            0.034465,             0.84512,             0.37356,             0.45622,             0.31365,            0.029551,            0.036495,            0.031312,           0.0057826,           0.0057826,           0.0057826
                  98,            0.047164,            0.047472,            0.035676,             0.86214,             0.37612,              0.4571,             0.27444,            0.031606,            0.037953,            0.031025,            0.005712,            0.005712,            0.005712
                  99,             0.04155,            0.043009,            0.036346,             0.87062,             0.35071,             0.45301,              0.2967,             0.03127,            0.037974,            0.030476,           0.0056413,           0.0056413,           0.0056413
                 100,            0.042631,            0.042396,            0.036411,             0.87482,              0.3391,             0.45301,             0.28479,            0.030276,            0.037392,            0.030379,           0.0055707,           0.0055707,           0.0055707
                 101,            0.043535,            0.044844,             0.03437,             0.90248,             0.33109,             0.43939,             0.28771,            0.031825,            0.037077,            0.030418,              0.0055,              0.0055,              0.0055
                 102,            0.043207,            0.044437,            0.035053,             0.92148,              0.3353,             0.44261,             0.30183,            0.028075,            0.036747,            0.029968,           0.0054293,           0.0054293,           0.0054293
                 103,            0.040081,            0.041791,            0.034439,             0.91748,             0.34867,             0.45546,             0.28078,            0.032821,            0.038696,             0.02971,           0.0053587,           0.0053587,           0.0053587
                 104,             0.04398,            0.044566,            0.033969,             0.90835,             0.36145,              0.4528,              0.3006,            0.029717,            0.036905,            0.029773,            0.005288,            0.005288,            0.005288
                 105,            0.042409,            0.043112,            0.034718,             0.92669,             0.35054,             0.45783,             0.30838,            0.027731,            0.036378,              0.0296,           0.0052174,           0.0052174,           0.0052174
                 106,            0.042766,            0.043792,            0.033167,             0.73609,             0.48091,             0.47183,             0.28473,            0.032697,            0.037125,            0.029384,           0.0051469,           0.0051469,           0.0051469
                 107,            0.038489,            0.042959,            0.032507,             0.70646,             0.49421,             0.47281,             0.32455,            0.026713,             0.03524,            0.029137,           0.0050765,           0.0050765,           0.0050765
                 108,            0.035767,            0.039843,             0.03305,             0.74244,              0.4687,             0.47531,             0.32613,            0.026731,            0.034411,            0.028608,           0.0050062,           0.0050062,           0.0050062
                 109,            0.038243,            0.040356,            0.032405,             0.78735,             0.45516,             0.47291,             0.32699,            0.027052,             0.03501,            0.028561,            0.004936,            0.004936,            0.004936
                 110,            0.039187,            0.043172,            0.032893,             0.74863,             0.49814,              0.4863,             0.32244,            0.028072,            0.035686,            0.028393,           0.0048659,           0.0048659,           0.0048659
                 111,            0.035133,            0.040721,            0.032135,             0.83653,             0.41494,              0.4811,             0.33086,            0.025818,             0.03519,            0.028144,            0.004796,            0.004796,            0.004796
                 112,            0.037059,            0.041375,            0.032918,             0.83302,             0.40418,             0.48541,              0.3344,            0.026398,             0.03525,              0.0276,           0.0047263,           0.0047263,           0.0047263
                 113,             0.03928,             0.04183,            0.032473,             0.84212,             0.39375,             0.48599,             0.33519,             0.02531,            0.035067,            0.027327,           0.0046568,           0.0046568,           0.0046568
                 114,            0.038426,            0.042602,            0.031642,               0.738,             0.47828,             0.48524,             0.32952,            0.025831,            0.035452,            0.026948,           0.0045875,           0.0045875,           0.0045875
                 115,            0.037045,            0.041216,            0.032078,              0.6731,             0.54651,             0.50495,             0.35728,             0.02757,            0.034814,            0.026712,           0.0045184,           0.0045184,           0.0045184
                 116,            0.037359,            0.040855,            0.031087,             0.67737,             0.54126,             0.50919,             0.33783,            0.028898,            0.035719,            0.026698,           0.0044495,           0.0044495,           0.0044495
                 117,            0.041091,            0.043776,            0.030932,             0.71099,             0.52995,             0.51446,             0.36548,            0.025694,            0.034979,            0.026458,           0.0043809,           0.0043809,           0.0043809
                 118,            0.038034,             0.04448,            0.030793,              0.7305,             0.53359,             0.51636,             0.35789,            0.028417,            0.035515,            0.026101,           0.0043126,           0.0043126,           0.0043126
                 119,            0.036279,            0.040009,             0.02971,             0.74186,             0.50558,             0.52109,             0.35101,            0.027012,            0.035661,            0.025863,           0.0042445,           0.0042445,           0.0042445
                 120,            0.038115,            0.042631,            0.030677,             0.72351,             0.54625,             0.53903,             0.36556,            0.026717,             0.03532,            0.025604,           0.0041768,           0.0041768,           0.0041768
                 121,            0.039967,            0.042278,            0.029048,             0.67475,             0.57911,             0.54807,             0.38046,            0.026322,            0.035507,            0.025442,           0.0041094,           0.0041094,           0.0041094
                 122,            0.039945,            0.041294,            0.029879,              0.7063,             0.57149,             0.55487,              0.3621,            0.027854,             0.03622,            0.025397,           0.0040424,           0.0040424,           0.0040424
                 123,            0.035929,            0.041644,            0.028714,             0.67584,             0.57522,             0.54973,             0.38366,            0.026008,            0.035266,            0.025271,           0.0039757,           0.0039757,           0.0039757
                 124,            0.034942,            0.039061,            0.028843,             0.66618,             0.57414,             0.54918,             0.37408,             0.02501,            0.034803,            0.025025,           0.0039094,           0.0039094,           0.0039094
                 125,            0.036073,            0.040812,            0.028549,             0.69709,             0.58155,             0.55499,             0.38477,            0.024873,            0.034163,             0.02468,           0.0038434,           0.0038434,           0.0038434
                 126,            0.034237,            0.040927,            0.029125,             0.75785,             0.55691,             0.55787,             0.35916,            0.025848,            0.035199,            0.024438,           0.0037779,           0.0037779,           0.0037779
                 127,            0.035145,            0.040647,            0.028807,             0.77762,             0.54497,             0.56258,             0.39766,            0.025665,            0.034515,            0.024227,           0.0037128,           0.0037128,           0.0037128
                 128,             0.03514,            0.040747,             0.02789,             0.77933,             0.52859,             0.55913,             0.39207,            0.027351,            0.035001,            0.024056,           0.0036482,           0.0036482,           0.0036482
                 129,            0.036534,            0.041135,            0.027171,             0.76739,             0.55423,             0.56583,             0.40123,             0.02492,            0.034383,            0.023858,            0.003584,            0.003584,            0.003584
                 130,            0.032821,            0.036476,            0.027306,             0.78506,             0.53829,             0.56697,             0.39453,            0.025764,            0.034639,            0.023578,           0.0035203,           0.0035203,           0.0035203
                 131,            0.033777,            0.038456,            0.028202,             0.81583,             0.53773,              0.5721,             0.39542,            0.025461,            0.034319,            0.023343,            0.003457,            0.003457,            0.003457
                 132,            0.034434,            0.038412,            0.027135,             0.72636,             0.58758,             0.58003,             0.40864,            0.026067,            0.034038,            0.023058,           0.0033943,           0.0033943,           0.0033943
                 133,            0.036526,            0.040976,            0.026724,             0.89255,             0.49922,             0.58467,             0.41877,            0.025414,            0.034075,            0.022808,           0.0033321,           0.0033321,           0.0033321
                 134,            0.036312,            0.039267,            0.026891,             0.88233,             0.50815,             0.58525,             0.41696,            0.025625,            0.034315,             0.02276,           0.0032704,           0.0032704,           0.0032704
                 135,             0.03342,            0.038305,            0.026649,             0.89312,             0.50148,             0.58339,             0.41987,             0.02491,            0.034041,            0.022757,           0.0032093,           0.0032093,           0.0032093
                 136,            0.032347,            0.038469,            0.026481,             0.90863,             0.48303,              0.5808,             0.41516,            0.024367,            0.033902,            0.022596,           0.0031488,           0.0031488,           0.0031488
                 137,            0.034512,            0.040737,            0.026375,             0.76578,             0.58459,             0.58131,             0.41373,            0.024879,            0.033699,            0.022438,           0.0030888,           0.0030888,           0.0030888
                 138,            0.035683,             0.03934,            0.025425,             0.76929,             0.58228,             0.58521,             0.40876,            0.026638,            0.034467,            0.022378,           0.0030294,           0.0030294,           0.0030294
                 139,            0.034211,            0.037981,            0.026892,              0.7694,             0.58813,               0.585,             0.41586,            0.024832,            0.034114,            0.022381,           0.0029706,           0.0029706,           0.0029706
                 140,            0.032887,            0.040057,            0.026661,             0.84916,             0.51578,             0.58605,             0.42147,            0.024157,            0.034004,            0.022202,           0.0029125,           0.0029125,           0.0029125
                 141,            0.034783,            0.037871,            0.025223,             0.85724,             0.51814,              0.5851,             0.42604,             0.02458,            0.033618,            0.022105,            0.002855,            0.002855,            0.002855
                 142,             0.03305,            0.036553,             0.02487,             0.85187,             0.52098,             0.58517,              0.4258,            0.024606,            0.034034,             0.02185,           0.0027981,           0.0027981,           0.0027981
                 143,             0.03264,            0.038333,            0.026236,             0.80969,             0.54409,              0.5875,              0.4098,             0.02508,            0.034176,            0.021583,           0.0027419,           0.0027419,           0.0027419
                 144,            0.033213,            0.037238,             0.02608,             0.93551,             0.48908,              0.5949,              0.4247,            0.023433,            0.033478,            0.021403,           0.0026864,           0.0026864,           0.0026864
                 145,            0.033624,            0.039111,            0.024891,             0.93288,             0.49512,             0.59916,             0.41884,            0.025184,            0.034187,            0.021261,           0.0026316,           0.0026316,           0.0026316
                 146,            0.034548,            0.039304,            0.024885,             0.92904,             0.49269,             0.60313,             0.42231,            0.024544,            0.034531,            0.021132,           0.0025775,           0.0025775,           0.0025775
                 147,            0.034326,            0.039801,            0.025447,             0.92247,             0.50259,             0.59974,             0.43181,            0.023974,            0.034043,            0.021033,           0.0025241,           0.0025241,           0.0025241
                 148,            0.032013,            0.037126,            0.026279,             0.91171,             0.52056,             0.60262,             0.42755,            0.022447,            0.033668,            0.020864,           0.0024714,           0.0024714,           0.0024714
                 149,            0.033104,            0.038709,            0.025024,             0.91116,             0.52648,             0.61245,             0.45187,            0.022852,            0.033345,            0.020582,           0.0024195,           0.0024195,           0.0024195
                 150,            0.031669,            0.039314,            0.024249,              0.9145,             0.52394,             0.61053,             0.43895,            0.023297,            0.033992,            0.020523,           0.0023684,           0.0023684,           0.0023684
                 151,            0.031813,            0.039056,            0.025075,             0.91453,              0.5242,             0.60609,             0.44756,            0.022944,            0.033503,            0.020442,            0.002318,            0.002318,            0.002318
                 152,            0.031425,            0.037826,            0.023608,             0.90922,              0.5243,              0.6083,             0.44878,            0.022994,            0.033472,             0.02033,           0.0022684,           0.0022684,           0.0022684
                 153,            0.032701,            0.038671,            0.023725,             0.91651,             0.52316,             0.61606,             0.45432,            0.023456,            0.033059,            0.020119,           0.0022196,           0.0022196,           0.0022196
                 154,            0.032571,            0.038441,            0.024479,             0.92229,             0.52932,             0.62512,             0.43809,             0.02356,            0.034146,            0.019958,           0.0021717,           0.0021717,           0.0021717
                 155,            0.032245,            0.037579,            0.023262,             0.93024,             0.52579,             0.62314,              0.4463,            0.023155,            0.033754,            0.019835,           0.0021245,           0.0021245,           0.0021245
                 156,            0.032881,            0.038847,            0.023559,             0.92761,             0.52806,             0.62472,             0.44701,            0.023645,             0.03393,            0.019723,           0.0020782,           0.0020782,           0.0020782
                 157,            0.032771,            0.039107,            0.023617,              0.9334,              0.5268,             0.62325,             0.46303,            0.022305,            0.033156,            0.019681,           0.0020327,           0.0020327,           0.0020327
                 158,            0.031613,            0.038633,            0.023157,             0.92585,             0.52444,             0.63081,             0.45663,            0.022955,             0.03343,            0.019588,           0.0019881,           0.0019881,           0.0019881
                 159,            0.030039,            0.037151,            0.022179,             0.91386,             0.52608,              0.6334,             0.45719,            0.022754,            0.033457,            0.019462,           0.0019443,           0.0019443,           0.0019443
                 160,            0.032038,            0.038058,            0.024078,             0.91189,             0.52632,              0.6338,             0.46599,            0.022219,            0.032956,            0.019326,           0.0019014,           0.0019014,           0.0019014
                 161,            0.031015,            0.035893,            0.023559,             0.96039,             0.49346,             0.63266,             0.46067,            0.022935,            0.033078,            0.019106,           0.0018594,           0.0018594,           0.0018594
                 162,            0.031784,            0.038453,             0.02314,             0.95951,             0.49827,             0.63096,             0.45817,            0.022806,            0.033526,            0.018956,           0.0018183,           0.0018183,           0.0018183
                 163,            0.029713,             0.03668,            0.022126,             0.96984,             0.49596,             0.63277,             0.47406,            0.022352,            0.032927,            0.018823,           0.0017781,           0.0017781,           0.0017781
                 164,            0.030545,            0.037008,            0.022159,             0.97311,             0.49477,             0.63589,             0.46834,            0.023498,            0.033244,            0.018673,           0.0017389,           0.0017389,           0.0017389
                 165,            0.033601,            0.037499,             0.02324,             0.95927,              0.5061,             0.63834,             0.46627,            0.022338,            0.033184,            0.018562,           0.0017005,           0.0017005,           0.0017005
                 166,            0.032682,            0.037633,              0.0226,             0.95607,             0.50936,             0.63926,             0.46909,            0.024105,            0.033319,             0.01856,           0.0016631,           0.0016631,           0.0016631
                 167,            0.032841,            0.039376,            0.023749,             0.95968,             0.50033,              0.6424,             0.47676,            0.022369,            0.032931,            0.018602,           0.0016267,           0.0016267,           0.0016267
                 168,            0.031081,            0.036813,            0.023544,             0.95905,             0.50075,             0.64158,             0.47475,            0.022311,            0.032911,            0.018576,           0.0015912,           0.0015912,           0.0015912
                 169,            0.030426,            0.038657,            0.022355,             0.96476,             0.50219,             0.64033,             0.47541,            0.022051,            0.032787,            0.018381,           0.0015566,           0.0015566,           0.0015566
                 170,            0.031355,             0.03816,            0.022814,             0.96816,             0.50108,             0.64043,              0.4774,            0.022958,            0.032883,             0.01819,           0.0015231,           0.0015231,           0.0015231
                 171,            0.030722,            0.037023,             0.02178,             0.96722,             0.50029,              0.6398,             0.47617,            0.023129,            0.032851,            0.018041,           0.0014905,           0.0014905,           0.0014905
                 172,            0.031306,            0.035104,            0.022356,             0.96436,             0.50074,             0.63784,             0.47448,            0.022875,            0.032926,            0.017913,           0.0014589,           0.0014589,           0.0014589
                 173,            0.030604,               0.035,            0.021702,             0.96599,             0.50042,             0.63726,             0.47743,            0.022105,            0.032742,            0.017784,           0.0014283,           0.0014283,           0.0014283
                 174,            0.030554,            0.038737,            0.022208,             0.97032,             0.50006,             0.63902,             0.47616,            0.023031,            0.032797,             0.01771,           0.0013987,           0.0013987,           0.0013987
                 175,            0.029341,            0.036715,            0.022175,             0.97406,             0.49976,             0.64149,             0.48118,            0.022211,            0.032627,            0.017574,           0.0013701,           0.0013701,           0.0013701
                 176,             0.02981,            0.034809,            0.020428,             0.97477,             0.49882,             0.64135,             0.48093,            0.022312,            0.032729,             0.01748,           0.0013425,           0.0013425,           0.0013425
                 177,            0.030423,            0.037584,            0.022016,             0.97064,             0.50116,             0.64272,             0.47798,            0.022631,             0.03287,            0.017412,            0.001316,            0.001316,            0.001316
                 178,            0.030969,            0.036964,            0.023046,             0.97105,             0.50041,             0.64368,              0.4846,            0.022492,            0.032808,            0.017369,           0.0012905,           0.0012905,           0.0012905
                 179,            0.029225,            0.033787,            0.019982,             0.96869,              0.4994,              0.6454,             0.48475,            0.022113,             0.03277,             0.01727,            0.001266,            0.001266,            0.001266
                 180,            0.029694,             0.03659,            0.021183,             0.88471,             0.55406,             0.64489,             0.48267,            0.022179,            0.032813,            0.017178,           0.0012426,           0.0012426,           0.0012426
                 181,            0.030428,            0.037536,            0.021005,             0.89382,             0.54943,             0.64577,              0.4899,            0.021923,            0.032637,            0.017045,           0.0012202,           0.0012202,           0.0012202
                 182,            0.030005,            0.036544,            0.020984,             0.89928,             0.55049,             0.64461,             0.48303,            0.022468,            0.032838,            0.016933,           0.0011989,           0.0011989,           0.0011989
                 183,             0.03079,            0.035849,            0.020698,             0.89314,             0.55523,             0.64282,             0.48448,            0.022326,            0.032578,            0.016874,           0.0011787,           0.0011787,           0.0011787
                 184,            0.029371,            0.035533,               0.021,             0.89874,             0.54917,             0.64104,             0.48468,            0.022079,            0.032527,            0.016798,           0.0011595,           0.0011595,           0.0011595
                 185,            0.029652,            0.034445,            0.021297,             0.89372,             0.55367,             0.64195,             0.48099,            0.022098,            0.032646,            0.016642,           0.0011414,           0.0011414,           0.0011414
                 186,            0.029973,            0.036199,            0.021069,             0.88811,             0.55844,             0.64002,             0.48486,            0.021885,            0.032498,            0.016532,           0.0011243,           0.0011243,           0.0011243
                 187,            0.029431,            0.035598,            0.019593,              0.8885,             0.55807,             0.63918,             0.48111,             0.02187,            0.032551,            0.016437,           0.0011084,           0.0011084,           0.0011084
                 188,            0.029326,            0.036756,            0.019547,             0.88612,             0.56082,             0.63813,             0.47922,            0.021822,            0.032562,            0.016349,           0.0010935,           0.0010935,           0.0010935
                 189,            0.030005,            0.035674,            0.019771,             0.88686,             0.56103,              0.6397,              0.4849,            0.021971,             0.03243,            0.016249,           0.0010797,           0.0010797,           0.0010797
                 190,            0.030085,            0.037249,            0.019612,             0.96242,             0.51272,             0.64095,             0.48453,             0.02176,             0.03263,            0.016211,            0.001067,            0.001067,            0.001067
                 191,            0.029453,            0.035611,            0.019066,              0.9623,             0.51453,             0.64207,             0.47974,             0.02197,            0.032619,            0.016175,           0.0010554,           0.0010554,           0.0010554
                 192,             0.03023,            0.036742,            0.019706,             0.93618,             0.52658,              0.6424,             0.48114,            0.021668,            0.032413,             0.01616,           0.0010449,           0.0010449,           0.0010449
                 193,            0.029626,             0.03528,            0.019883,             0.93599,             0.52733,             0.64268,             0.48576,            0.021675,            0.032419,            0.016095,           0.0010355,           0.0010355,           0.0010355
                 194,            0.029317,            0.036316,            0.019306,             0.89204,             0.56276,             0.64405,             0.48481,            0.021525,              0.0325,            0.016032,           0.0010272,           0.0010272,           0.0010272
                 195,            0.029547,            0.036054,            0.020359,             0.89274,             0.56408,             0.64355,             0.48475,            0.021739,            0.032537,            0.015958,             0.00102,             0.00102,             0.00102
                 196,            0.028631,            0.036707,            0.019837,               0.894,             0.56352,             0.64386,             0.48766,            0.021582,            0.032442,            0.015883,           0.0010139,           0.0010139,           0.0010139
                 197,            0.028935,            0.037869,            0.019955,             0.89214,             0.56356,             0.64373,             0.48985,            0.021514,            0.032381,             0.01578,           0.0010089,           0.0010089,           0.0010089
                 198,            0.029974,            0.036377,            0.019605,             0.89247,             0.56353,             0.64408,             0.48571,            0.021504,            0.032651,            0.015718,            0.001005,            0.001005,            0.001005
                 199,            0.029074,            0.035796,            0.019741,             0.89478,             0.56414,             0.64357,             0.48628,            0.021253,            0.032469,             0.01568,           0.0010022,           0.0010022,           0.0010022
